-- ==========================================================================
-- AGHeal - Demo Data Seeding Script
-- Compatible with HeidiSQL (MariaDB)
-- Run this script AFTER init.sql and init_trigger.sql
-- Note: The trigger `after_user_insert` will automatically create profiles
-- ==========================================================================

SET FOREIGN_KEY_CHECKS = 0;

-- --- 1. LIEUX ---
INSERT INTO locations (id, name, address, city, notes) VALUES ('a8d65bba-c183-4791-bf79-044cf5e486de', 'Forêt de Brumath', 'Forêt de Brumath', 'Brumath', 'Point de RDV parking principal');
INSERT INTO locations (id, name, address, city, notes) VALUES ('f5a2a542-ab0c-42e6-b9b7-8e4597f31977', 'Patio des associations', 'Cour du château', 'Brumath', 'Cour intérieure du château');
INSERT INTO locations (id, name, address, city, notes) VALUES ('c1447a88-4d21-4580-a619-2961248245e8', 'Salle de musculation', 'Cour du château', 'Brumath', 'Salle réservée AGHeal');
INSERT INTO locations (id, name, address, city, notes) VALUES ('a2a6c42d-524a-4523-ae07-c1247edda985', 'Centre Aquatique Brumath', 'Rue du Centre', 'Brumath', 'Bassin intérieur');

-- --- 2. ACTIVITÉS ---
INSERT INTO session_types (id, name, description, default_location_id) VALUES ('50fd9331-53c3-46c9-92a8-060caa6942c0', 'Marche nordique', 'Activité cardio et endurance. Mobilité, endurance, bien-être.', 'a8d65bba-c183-4791-bf79-044cf5e486de');
INSERT INTO session_types (id, name, description, default_location_id) VALUES ('dde81231-3689-47e4-8dba-3d7e9f48da94', 'Musculation santé', 'Renforcement musculaire adapté. Améliorer la force et la condition physique.', 'c1447a88-4d21-4580-a619-2961248245e8');
INSERT INTO session_types (id, name, description, default_location_id) VALUES ('53062fb5-3958-4fb3-90b6-08beb8c55d10', 'Pilates', 'Travail postural. Renforcement du centre du corps, mobilité.', 'c1447a88-4d21-4580-a619-2961248245e8');
INSERT INTO session_types (id, name, description, default_location_id) VALUES ('fe262915-d9a9-4f2b-a988-327ca1664dd9', 'Renforcement conscientisé', 'Travail musculaire avec attention aux sensations.', 'f5a2a542-ab0c-42e6-b9b7-8e4597f31977');

-- --- 3. GROUPES ---
INSERT INTO groups (id, name, details) VALUES ('c2fd86ab-376e-4ed1-9324-28f65eb033f3', 'Seniors Dynamiques', 'Groupe orienté mobilité et prévention des chutes');
INSERT INTO groups (id, name, details) VALUES ('f803ab32-e224-4bf2-a1a0-2f6edcf39c09', 'Performance & Cardio', 'Pour ceux qui recherchent de l\'intensité');
INSERT INTO groups (id, name, details) VALUES ('29e8cd52-60d0-446a-bb38-278ae0ea08dc', 'Rééducation Posturale', 'Focus sur le dos et le centre du corps');
INSERT INTO groups (id, name, details) VALUES ('13e9f36b-2aeb-41d6-9e8c-b74cef7d261d', 'Sport Santé Entreprise', 'Séances adaptées aux salariés');

-- --- 4. COACHS ---
INSERT INTO users (id, email, password_hash) VALUES ('1da09121-4e89-438a-85f8-94dbf8a34f84', 'guillaume.trautmann@agheal.fr', '$2y$12$gwyX5yKtaQo1VEamUj3cD.gR.QYoO1F/NeOYO3WjaNwg6/GfXVfFm');
UPDATE user_roles SET role = 'coach' WHERE user_id = '1da09121-4e89-438a-85f8-94dbf8a34f84';
UPDATE profiles SET first_name = 'Guillaume', last_name = 'Trautmann', statut_compte = 'actif' WHERE id = '1da09121-4e89-438a-85f8-94dbf8a34f84';
INSERT INTO users (id, email, password_hash) VALUES ('5fdaf429-d4ca-441a-8cc5-5d4f96646c75', 'amandine.motsch@agheal.fr', '$2y$12$gwyX5yKtaQo1VEamUj3cD.gR.QYoO1F/NeOYO3WjaNwg6/GfXVfFm');
UPDATE user_roles SET role = 'coach' WHERE user_id = '5fdaf429-d4ca-441a-8cc5-5d4f96646c75';
UPDATE profiles SET first_name = 'Amandine', last_name = 'Motsch', statut_compte = 'actif' WHERE id = '5fdaf429-d4ca-441a-8cc5-5d4f96646c75';

-- --- 5. CLIENTS (10 diversifiés) ---
INSERT INTO users (id, email, password_hash) VALUES ('dcdf73fb-9099-42f0-a8c9-0caa9ab83a38', 'jean.dupont@demo.com', '$2y$12$gwyX5yKtaQo1VEamUj3cD.gR.QYoO1F/NeOYO3WjaNwg6/GfXVfFm');
UPDATE profiles SET first_name='Jean', last_name='Dupont', phone='06 12 34 56 78', age=45, payment_status='a_jour', remarks_health='Légères douleurs lombaires chroniques.', additional_info='Ancien marathonien.', coach_remarks='Très volontaire, surveiller l\'alignement du dos.', statut_compte='actif', renewal_date=DATE_ADD(CURDATE(), INTERVAL 30 DAY) WHERE id='dcdf73fb-9099-42f0-a8c9-0caa9ab83a38';
INSERT INTO user_groups (id, user_id, group_id, assigned_by) VALUES ('090cd346-6908-4570-865d-e91448428a2f', 'dcdf73fb-9099-42f0-a8c9-0caa9ab83a38', 'f803ab32-e224-4bf2-a1a0-2f6edcf39c09', '1da09121-4e89-438a-85f8-94dbf8a34f84');
INSERT INTO users (id, email, password_hash) VALUES ('dfff4815-b101-468f-b268-fc26b78caa4a', 'marie.martin@demo.com', '$2y$12$gwyX5yKtaQo1VEamUj3cD.gR.QYoO1F/NeOYO3WjaNwg6/GfXVfFm');
UPDATE profiles SET first_name='Marie', last_name='Martin', phone='07 88 99 00 11', age=32, payment_status='en_attente', remarks_health='Asthme à l\'effort.', additional_info='Préfère le plein air.', coach_remarks='Gérer l\'intensité selon les sensations respiratoires.', statut_compte='actif', renewal_date=DATE_ADD(CURDATE(), INTERVAL 30 DAY) WHERE id='dfff4815-b101-468f-b268-fc26b78caa4a';
INSERT INTO user_groups (id, user_id, group_id, assigned_by) VALUES ('0b449fed-7356-4bbc-a74a-2481d1463ded', 'dfff4815-b101-468f-b268-fc26b78caa4a', 'f803ab32-e224-4bf2-a1a0-2f6edcf39c09', '1da09121-4e89-438a-85f8-94dbf8a34f84');
INSERT INTO users (id, email, password_hash) VALUES ('3f82788a-bc12-45f1-8a9c-3ff28737b1be', 'pierre.bernard@demo.com', '$2y$12$gwyX5yKtaQo1VEamUj3cD.gR.QYoO1F/NeOYO3WjaNwg6/GfXVfFm');
UPDATE profiles SET first_name='Pierre', last_name='Bernard', phone='03 88 45 12 30', age=74, payment_status='a_jour', remarks_health='Prothèse hanche droite (2023).', additional_info='Vient pour la convivialité.', coach_remarks='Favoriser la mobilité sans impacts.', statut_compte='actif', renewal_date=DATE_ADD(CURDATE(), INTERVAL 30 DAY) WHERE id='3f82788a-bc12-45f1-8a9c-3ff28737b1be';
INSERT INTO user_groups (id, user_id, group_id, assigned_by) VALUES ('e6584feb-57df-4742-9c3f-e75402e5ef82', '3f82788a-bc12-45f1-8a9c-3ff28737b1be', 'c2fd86ab-376e-4ed1-9324-28f65eb033f3', '1da09121-4e89-438a-85f8-94dbf8a34f84');
INSERT INTO users (id, email, password_hash) VALUES ('90e9632a-a419-48b5-b759-fbd6dc80a520', 'julie.dubois@demo.com', '$2y$12$gwyX5yKtaQo1VEamUj3cD.gR.QYoO1F/NeOYO3WjaNwg6/GfXVfFm');
UPDATE profiles SET first_name='Julie', last_name='Dubois', phone='06 55 44 33 22', age=29, payment_status='a_jour', remarks_health='Rien à signaler.', additional_info='Focus sur le gainage.', coach_remarks='Peut porter des charges modérées.', statut_compte='actif', renewal_date=DATE_ADD(CURDATE(), INTERVAL 30 DAY) WHERE id='90e9632a-a419-48b5-b759-fbd6dc80a520';
INSERT INTO user_groups (id, user_id, group_id, assigned_by) VALUES ('a3aa6b3f-0e24-4b5b-9de0-71c605344cb2', '90e9632a-a419-48b5-b759-fbd6dc80a520', '29e8cd52-60d0-446a-bb38-278ae0ea08dc', '1da09121-4e89-438a-85f8-94dbf8a34f84');
INSERT INTO users (id, email, password_hash) VALUES ('480dfe28-c301-4452-b97b-cb0ee25274c1', 'thomas.robert@demo.com', '$2y$12$gwyX5yKtaQo1VEamUj3cD.gR.QYoO1F/NeOYO3WjaNwg6/GfXVfFm');
UPDATE profiles SET first_name='Thomas', last_name='Robert', phone='06 00 11 22 33', age=52, payment_status='en_attente', remarks_health='Entorse cheville mal soignée.', additional_info='Cherche la reprise progressive.', coach_remarks='Travail proprioception nécessaire.', statut_compte='actif', renewal_date=DATE_ADD(CURDATE(), INTERVAL 30 DAY) WHERE id='480dfe28-c301-4452-b97b-cb0ee25274c1';
INSERT INTO user_groups (id, user_id, group_id, assigned_by) VALUES ('2e764b47-83d3-4393-adc3-b1597ba93bbd', '480dfe28-c301-4452-b97b-cb0ee25274c1', 'c2fd86ab-376e-4ed1-9324-28f65eb033f3', '1da09121-4e89-438a-85f8-94dbf8a34f84');
INSERT INTO users (id, email, password_hash) VALUES ('c6f96e48-455b-46c7-8b78-ae39e2f4c457', 'sophie.petit@demo.com', '$2y$12$gwyX5yKtaQo1VEamUj3cD.gR.QYoO1F/NeOYO3WjaNwg6/GfXVfFm');
UPDATE profiles SET first_name='Sophie', last_name='Petit', phone='06 99 88 77 66', age=41, payment_status='a_jour', remarks_health='Souvent fatiguée (travail de nuit).', additional_info='Besoin de décompression.', coach_remarks='Séances axées sur le bien-être et l\'étirement.', statut_compte='actif', renewal_date=DATE_ADD(CURDATE(), INTERVAL 30 DAY) WHERE id='c6f96e48-455b-46c7-8b78-ae39e2f4c457';
INSERT INTO user_groups (id, user_id, group_id, assigned_by) VALUES ('0f7c6bbc-c9fb-4a43-9216-ca2d701387d5', 'c6f96e48-455b-46c7-8b78-ae39e2f4c457', '29e8cd52-60d0-446a-bb38-278ae0ea08dc', '1da09121-4e89-438a-85f8-94dbf8a34f84');
INSERT INTO users (id, email, password_hash) VALUES ('d2d1b933-4247-453e-8ab7-3da658ab1298', 'nicolas.lefevre@demo.com', '$2y$12$gwyX5yKtaQo1VEamUj3cD.gR.QYoO1F/NeOYO3WjaNwg6/GfXVfFm');
UPDATE profiles SET first_name='Nicolas', last_name='Lefevre', phone='06 11 22 33 44', age=35, payment_status='a_jour', remarks_health='Scoliose idiopathique.', additional_info='Travail de bureau sédentaire.', coach_remarks='Insister sur le renforcement des spinaux.', statut_compte='actif', renewal_date=DATE_ADD(CURDATE(), INTERVAL 30 DAY) WHERE id='d2d1b933-4247-453e-8ab7-3da658ab1298';
INSERT INTO user_groups (id, user_id, group_id, assigned_by) VALUES ('343ea141-81ad-4de6-8457-e3a4d831d290', 'd2d1b933-4247-453e-8ab7-3da658ab1298', '29e8cd52-60d0-446a-bb38-278ae0ea08dc', '1da09121-4e89-438a-85f8-94dbf8a34f84');
INSERT INTO users (id, email, password_hash) VALUES ('549c58a9-8024-4856-b197-c455a0bf5b7e', 'camille.moreau@demo.com', '$2y$12$gwyX5yKtaQo1VEamUj3cD.gR.QYoO1F/NeOYO3WjaNwg6/GfXVfFm');
UPDATE profiles SET first_name='Camille', last_name='Moreau', phone='06 22 33 44 55', age=27, payment_status='en_attente', remarks_health='Tendance aux hypoglycémies.', additional_info='Débutante complète.', coach_remarks='Avoir toujours du sucre à proximité.', statut_compte='actif', renewal_date=DATE_ADD(CURDATE(), INTERVAL 30 DAY) WHERE id='549c58a9-8024-4856-b197-c455a0bf5b7e';
INSERT INTO user_groups (id, user_id, group_id, assigned_by) VALUES ('658cbebc-4faa-4e23-91e6-31c6f310df6f', '549c58a9-8024-4856-b197-c455a0bf5b7e', 'c2fd86ab-376e-4ed1-9324-28f65eb033f3', '1da09121-4e89-438a-85f8-94dbf8a34f84');
INSERT INTO users (id, email, password_hash) VALUES ('e750f893-2e5a-443e-b686-8aa03479d790', 'lucas.simon@demo.com', '$2y$12$gwyX5yKtaQo1VEamUj3cD.gR.QYoO1F/NeOYO3WjaNwg6/GfXVfFm');
UPDATE profiles SET first_name='Lucas', last_name='Simon', phone='07 44 55 66 77', age=31, payment_status='a_jour', remarks_health='Ancien rugbyman, épaule fragile.', additional_info='Cherche à maintenir sa masse musculaire.', coach_remarks='Éviter les développés au-dessus de la tête.', statut_compte='actif', renewal_date=DATE_ADD(CURDATE(), INTERVAL 30 DAY) WHERE id='e750f893-2e5a-443e-b686-8aa03479d790';
INSERT INTO user_groups (id, user_id, group_id, assigned_by) VALUES ('d6bd4fae-7230-457f-bde6-a9502f6f49d1', 'e750f893-2e5a-443e-b686-8aa03479d790', 'f803ab32-e224-4bf2-a1a0-2f6edcf39c09', '1da09121-4e89-438a-85f8-94dbf8a34f84');
INSERT INTO users (id, email, password_hash) VALUES ('f78343aa-55f2-44db-9886-8b1b39ea48a4', 'lea.michel@demo.com', '$2y$12$gwyX5yKtaQo1VEamUj3cD.gR.QYoO1F/NeOYO3WjaNwg6/GfXVfFm');
UPDATE profiles SET first_name='Léa', last_name='Michel', phone='03 66 77 88 99', age=68, payment_status='a_jour', remarks_health='Ostéoporose diagnostiquée.', additional_info='Inquiète pour sa densité osseuse.', coach_remarks='Travail de mise en charge modérée très bénéfique.', statut_compte='actif', renewal_date=DATE_ADD(CURDATE(), INTERVAL 30 DAY) WHERE id='f78343aa-55f2-44db-9886-8b1b39ea48a4';
INSERT INTO user_groups (id, user_id, group_id, assigned_by) VALUES ('6e70bbc6-9f1a-4af6-8210-f9ae28afbb93', 'f78343aa-55f2-44db-9886-8b1b39ea48a4', 'c2fd86ab-376e-4ed1-9324-28f65eb033f3', '1da09121-4e89-438a-85f8-94dbf8a34f84');
INSERT INTO user_groups (id, user_id, group_id, assigned_by) VALUES ('e70142cc-ac26-48f6-8a50-11781c87f48f', 'f78343aa-55f2-44db-9886-8b1b39ea48a4', '29e8cd52-60d0-446a-bb38-278ae0ea08dc', '1da09121-4e89-438a-85f8-94dbf8a34f84');

-- --- 6. PLANNING DE SESSIONS ET INSCRIPTIONS ---
INSERT INTO sessions (id, title, type_id, location_id, date, start_time, end_time, capacity, status, created_by) VALUES ('41145bbd-b8dd-4377-8975-9a06df2c2817', 'Marche Nordique (Démo)', '50fd9331-53c3-46c9-92a8-060caa6942c0', 'a8d65bba-c183-4791-bf79-044cf5e486de', DATE_ADD(CURDATE(), INTERVAL (WEEKDAY(CURDATE()) * -1) + 1 DAY), '18:30:00', '19:30:00', 10, 'published', '1da09121-4e89-438a-85f8-94dbf8a34f84');
INSERT INTO registrations (id, session_id, user_id) VALUES ('e7a41d69-510c-44c0-86c6-0e1e61755310', '41145bbd-b8dd-4377-8975-9a06df2c2817', 'dcdf73fb-9099-42f0-a8c9-0caa9ab83a38');
INSERT INTO registrations (id, session_id, user_id) VALUES ('f177e07a-4e12-4937-bf32-d64f12f343eb', '41145bbd-b8dd-4377-8975-9a06df2c2817', 'dfff4815-b101-468f-b268-fc26b78caa4a');
INSERT INTO registrations (id, session_id, user_id) VALUES ('e87c1009-fe15-46cf-8885-4885bc837148', '41145bbd-b8dd-4377-8975-9a06df2c2817', '3f82788a-bc12-45f1-8a9c-3ff28737b1be');
INSERT INTO registrations (id, session_id, user_id) VALUES ('540b6712-d4ed-4da6-b7c5-5c892c3c2a06', '41145bbd-b8dd-4377-8975-9a06df2c2817', '480dfe28-c301-4452-b97b-cb0ee25274c1');
INSERT INTO registrations (id, session_id, user_id) VALUES ('59fdc886-308f-4f2c-810a-5fa364f0cbe4', '41145bbd-b8dd-4377-8975-9a06df2c2817', 'c6f96e48-455b-46c7-8b78-ae39e2f4c457');
INSERT INTO registrations (id, session_id, user_id) VALUES ('a5c62ae0-1818-410e-b0b8-a5994e1d6eb7', '41145bbd-b8dd-4377-8975-9a06df2c2817', 'd2d1b933-4247-453e-8ab7-3da658ab1298');
INSERT INTO registrations (id, session_id, user_id) VALUES ('44fb5d13-82c3-41eb-bfdd-eb2dbe031b0a', '41145bbd-b8dd-4377-8975-9a06df2c2817', 'e750f893-2e5a-443e-b686-8aa03479d790');
INSERT INTO registrations (id, session_id, user_id) VALUES ('9dd9ef6f-3f3d-4554-9186-81ce589ae661', '41145bbd-b8dd-4377-8975-9a06df2c2817', 'f78343aa-55f2-44db-9886-8b1b39ea48a4');
INSERT INTO sessions (id, title, type_id, location_id, date, start_time, end_time, capacity, status, created_by) VALUES ('d70f322b-9673-4b9a-bdf1-fbffbb256279', 'Muscu Santé (Démo)', 'dde81231-3689-47e4-8dba-3d7e9f48da94', 'c1447a88-4d21-4580-a619-2961248245e8', DATE_ADD(CURDATE(), INTERVAL (WEEKDAY(CURDATE()) * -1) + 1 DAY), '18:00:00', '19:00:00', 10, 'published', '1da09121-4e89-438a-85f8-94dbf8a34f84');
INSERT INTO registrations (id, session_id, user_id) VALUES ('2e5995ed-c07c-461b-be78-6d1dd4a5296a', 'd70f322b-9673-4b9a-bdf1-fbffbb256279', 'dcdf73fb-9099-42f0-a8c9-0caa9ab83a38');
INSERT INTO registrations (id, session_id, user_id) VALUES ('0f135dd6-8311-4cdc-b2bf-893abe1b0a74', 'd70f322b-9673-4b9a-bdf1-fbffbb256279', 'dfff4815-b101-468f-b268-fc26b78caa4a');
INSERT INTO registrations (id, session_id, user_id) VALUES ('fbd5de2c-0098-4981-86d5-a4a82e0af088', 'd70f322b-9673-4b9a-bdf1-fbffbb256279', '3f82788a-bc12-45f1-8a9c-3ff28737b1be');
INSERT INTO registrations (id, session_id, user_id) VALUES ('d585ac81-70ce-4b07-9510-aeacbfcf7b40', 'd70f322b-9673-4b9a-bdf1-fbffbb256279', '90e9632a-a419-48b5-b759-fbd6dc80a520');
INSERT INTO registrations (id, session_id, user_id) VALUES ('0ff605c1-c7b4-48f4-9510-9139a2c55244', 'd70f322b-9673-4b9a-bdf1-fbffbb256279', 'd2d1b933-4247-453e-8ab7-3da658ab1298');
INSERT INTO registrations (id, session_id, user_id) VALUES ('2e4bad71-cb2e-4321-a0a7-7d70d294bc15', 'd70f322b-9673-4b9a-bdf1-fbffbb256279', '549c58a9-8024-4856-b197-c455a0bf5b7e');
INSERT INTO registrations (id, session_id, user_id) VALUES ('85ab1e7a-1828-43d0-9e38-9c09c54dc23c', 'd70f322b-9673-4b9a-bdf1-fbffbb256279', 'e750f893-2e5a-443e-b686-8aa03479d790');
INSERT INTO registrations (id, session_id, user_id) VALUES ('f832c360-b3c9-4d31-9169-351000c3ea07', 'd70f322b-9673-4b9a-bdf1-fbffbb256279', 'f78343aa-55f2-44db-9886-8b1b39ea48a4');
INSERT INTO sessions (id, title, type_id, location_id, date, start_time, end_time, capacity, status, created_by) VALUES ('e2611b57-90f4-4511-b7eb-cff52fcb2aa8', 'Muscu Santé (Jeudi)', 'dde81231-3689-47e4-8dba-3d7e9f48da94', 'c1447a88-4d21-4580-a619-2961248245e8', DATE_ADD(CURDATE(), INTERVAL (WEEKDAY(CURDATE()) * -1) + 3 DAY), '18:00:00', '19:00:00', 10, 'published', '1da09121-4e89-438a-85f8-94dbf8a34f84');
INSERT INTO registrations (id, session_id, user_id) VALUES ('53fdd81d-268f-4cb2-a74e-5ab4bbc78c20', 'e2611b57-90f4-4511-b7eb-cff52fcb2aa8', 'dcdf73fb-9099-42f0-a8c9-0caa9ab83a38');
INSERT INTO registrations (id, session_id, user_id) VALUES ('a262bf3f-0086-4c4f-b67c-729e8a62f267', 'e2611b57-90f4-4511-b7eb-cff52fcb2aa8', 'dfff4815-b101-468f-b268-fc26b78caa4a');
INSERT INTO registrations (id, session_id, user_id) VALUES ('132eb125-bbc3-4759-9f02-3bc93004aadf', 'e2611b57-90f4-4511-b7eb-cff52fcb2aa8', '480dfe28-c301-4452-b97b-cb0ee25274c1');
INSERT INTO registrations (id, session_id, user_id) VALUES ('5111ebe6-84a4-427a-8802-2f4e3430054c', 'e2611b57-90f4-4511-b7eb-cff52fcb2aa8', 'c6f96e48-455b-46c7-8b78-ae39e2f4c457');
INSERT INTO registrations (id, session_id, user_id) VALUES ('24aa6564-f0e1-4130-b4a9-a5c897c89edf', 'e2611b57-90f4-4511-b7eb-cff52fcb2aa8', 'd2d1b933-4247-453e-8ab7-3da658ab1298');
INSERT INTO registrations (id, session_id, user_id) VALUES ('d8432d31-3599-45d5-8008-08b3b1e20fca', 'e2611b57-90f4-4511-b7eb-cff52fcb2aa8', '549c58a9-8024-4856-b197-c455a0bf5b7e');
INSERT INTO registrations (id, session_id, user_id) VALUES ('36bababb-7a15-45a1-888b-e1cc6177609e', 'e2611b57-90f4-4511-b7eb-cff52fcb2aa8', 'e750f893-2e5a-443e-b686-8aa03479d790');
INSERT INTO registrations (id, session_id, user_id) VALUES ('7e69b60a-a6d6-49c7-b1af-4947d11c404b', 'e2611b57-90f4-4511-b7eb-cff52fcb2aa8', 'f78343aa-55f2-44db-9886-8b1b39ea48a4');
INSERT INTO sessions (id, title, type_id, location_id, date, start_time, end_time, capacity, status, created_by) VALUES ('5494b885-9692-48f3-b15d-f0076b93bb44', 'Muscu Santé (Matin 1)', 'dde81231-3689-47e4-8dba-3d7e9f48da94', 'c1447a88-4d21-4580-a619-2961248245e8', DATE_ADD(CURDATE(), INTERVAL (WEEKDAY(CURDATE()) * -1) + 5 DAY), '09:00:00', '10:00:00', 10, 'published', '1da09121-4e89-438a-85f8-94dbf8a34f84');
INSERT INTO registrations (id, session_id, user_id) VALUES ('657c50fe-46de-46be-b34f-aabb012bbad3', '5494b885-9692-48f3-b15d-f0076b93bb44', 'dcdf73fb-9099-42f0-a8c9-0caa9ab83a38');
INSERT INTO registrations (id, session_id, user_id) VALUES ('19c60d61-3200-4728-ace6-a04b2704ac95', '5494b885-9692-48f3-b15d-f0076b93bb44', '90e9632a-a419-48b5-b759-fbd6dc80a520');
INSERT INTO registrations (id, session_id, user_id) VALUES ('0294fd0e-d169-4e0f-bfc5-8c356a35af54', '5494b885-9692-48f3-b15d-f0076b93bb44', 'c6f96e48-455b-46c7-8b78-ae39e2f4c457');
INSERT INTO registrations (id, session_id, user_id) VALUES ('246d6c30-202c-44dc-86fc-7d349221c305', '5494b885-9692-48f3-b15d-f0076b93bb44', 'd2d1b933-4247-453e-8ab7-3da658ab1298');
INSERT INTO registrations (id, session_id, user_id) VALUES ('7f26e4eb-9623-467c-80ad-c26ae28df31f', '5494b885-9692-48f3-b15d-f0076b93bb44', '549c58a9-8024-4856-b197-c455a0bf5b7e');
INSERT INTO registrations (id, session_id, user_id) VALUES ('f68d2b72-591d-4ae9-9fe7-8553eccfe63e', '5494b885-9692-48f3-b15d-f0076b93bb44', 'e750f893-2e5a-443e-b686-8aa03479d790');
INSERT INTO sessions (id, title, type_id, location_id, date, start_time, end_time, capacity, status, created_by) VALUES ('a28030be-39c9-44b4-af86-1f0d95ee3ab3', 'Muscu Santé (Matin 2)', 'dde81231-3689-47e4-8dba-3d7e9f48da94', 'c1447a88-4d21-4580-a619-2961248245e8', DATE_ADD(CURDATE(), INTERVAL (WEEKDAY(CURDATE()) * -1) + 5 DAY), '10:00:00', '11:00:00', 10, 'published', '1da09121-4e89-438a-85f8-94dbf8a34f84');
INSERT INTO registrations (id, session_id, user_id) VALUES ('ce43fc72-5d09-467a-b582-3cb210401937', 'a28030be-39c9-44b4-af86-1f0d95ee3ab3', 'dcdf73fb-9099-42f0-a8c9-0caa9ab83a38');
INSERT INTO registrations (id, session_id, user_id) VALUES ('367fb906-92cb-4c0f-bb9f-02b1ea230bc9', 'a28030be-39c9-44b4-af86-1f0d95ee3ab3', 'dfff4815-b101-468f-b268-fc26b78caa4a');
INSERT INTO registrations (id, session_id, user_id) VALUES ('4101193a-b606-4036-89c6-d31ae4fa8f5d', 'a28030be-39c9-44b4-af86-1f0d95ee3ab3', '3f82788a-bc12-45f1-8a9c-3ff28737b1be');
INSERT INTO registrations (id, session_id, user_id) VALUES ('9a6e5e75-e5e2-4f35-8004-4746455d80ce', 'a28030be-39c9-44b4-af86-1f0d95ee3ab3', 'c6f96e48-455b-46c7-8b78-ae39e2f4c457');
INSERT INTO registrations (id, session_id, user_id) VALUES ('867365a5-c681-4bbe-bc07-d9f7fedaa365', 'a28030be-39c9-44b4-af86-1f0d95ee3ab3', 'e750f893-2e5a-443e-b686-8aa03479d790');
INSERT INTO sessions (id, title, type_id, location_id, date, start_time, end_time, capacity, status, created_by) VALUES ('547833e7-dbaa-4522-b271-36e78e6ea52a', 'Pilates Postural (Démo)', '53062fb5-3958-4fb3-90b6-08beb8c55d10', 'c1447a88-4d21-4580-a619-2961248245e8', DATE_ADD(CURDATE(), INTERVAL (WEEKDAY(CURDATE()) * -1) + 5 DAY), '11:00:00', '12:00:00', 10, 'published', '1da09121-4e89-438a-85f8-94dbf8a34f84');
INSERT INTO registrations (id, session_id, user_id) VALUES ('afaddf68-f477-4fa2-a5e1-7a26a41c2bcb', '547833e7-dbaa-4522-b271-36e78e6ea52a', 'dcdf73fb-9099-42f0-a8c9-0caa9ab83a38');
INSERT INTO registrations (id, session_id, user_id) VALUES ('4d452ee1-dd0a-4ac6-af95-560cdff0383a', '547833e7-dbaa-4522-b271-36e78e6ea52a', 'dfff4815-b101-468f-b268-fc26b78caa4a');
INSERT INTO registrations (id, session_id, user_id) VALUES ('6e258feb-b383-43df-86e4-af1648181227', '547833e7-dbaa-4522-b271-36e78e6ea52a', '3f82788a-bc12-45f1-8a9c-3ff28737b1be');
INSERT INTO registrations (id, session_id, user_id) VALUES ('8211ace6-1071-4144-a9e3-d0dbce9006f0', '547833e7-dbaa-4522-b271-36e78e6ea52a', '90e9632a-a419-48b5-b759-fbd6dc80a520');
INSERT INTO registrations (id, session_id, user_id) VALUES ('d6936135-5f1a-43df-9080-fed90821e601', '547833e7-dbaa-4522-b271-36e78e6ea52a', '480dfe28-c301-4452-b97b-cb0ee25274c1');
INSERT INTO registrations (id, session_id, user_id) VALUES ('a8c2f3d2-dda7-4645-8a02-78506398ab2f', '547833e7-dbaa-4522-b271-36e78e6ea52a', 'c6f96e48-455b-46c7-8b78-ae39e2f4c457');
INSERT INTO registrations (id, session_id, user_id) VALUES ('80070f0b-59a2-4382-983b-45899bb017b9', '547833e7-dbaa-4522-b271-36e78e6ea52a', '549c58a9-8024-4856-b197-c455a0bf5b7e');
INSERT INTO registrations (id, session_id, user_id) VALUES ('1c9daca1-e322-4452-8fa5-2977e39e52df', '547833e7-dbaa-4522-b271-36e78e6ea52a', 'f78343aa-55f2-44db-9886-8b1b39ea48a4');
INSERT INTO sessions (id, title, type_id, location_id, date, start_time, end_time, capacity, status, created_by) VALUES ('7b534b16-c4f5-4d84-a8fb-59543144e3e2', 'Marche Nordique (Démo)', '50fd9331-53c3-46c9-92a8-060caa6942c0', 'a8d65bba-c183-4791-bf79-044cf5e486de', DATE_ADD(CURDATE(), INTERVAL (WEEKDAY(CURDATE()) * -1) + 8 DAY), '18:30:00', '19:30:00', 10, 'published', '1da09121-4e89-438a-85f8-94dbf8a34f84');
INSERT INTO registrations (id, session_id, user_id) VALUES ('7ff941b1-a5b7-4d2e-a665-aa58fad2a600', '7b534b16-c4f5-4d84-a8fb-59543144e3e2', 'dfff4815-b101-468f-b268-fc26b78caa4a');
INSERT INTO registrations (id, session_id, user_id) VALUES ('7430cc21-796f-466c-88fc-f6328cf8b391', '7b534b16-c4f5-4d84-a8fb-59543144e3e2', 'c6f96e48-455b-46c7-8b78-ae39e2f4c457');
INSERT INTO registrations (id, session_id, user_id) VALUES ('f302cc4c-6596-470e-aa5c-987271693fa5', '7b534b16-c4f5-4d84-a8fb-59543144e3e2', 'd2d1b933-4247-453e-8ab7-3da658ab1298');
INSERT INTO registrations (id, session_id, user_id) VALUES ('c4761b7a-3dfe-4883-ab75-17c575f21ca6', '7b534b16-c4f5-4d84-a8fb-59543144e3e2', 'f78343aa-55f2-44db-9886-8b1b39ea48a4');
INSERT INTO sessions (id, title, type_id, location_id, date, start_time, end_time, capacity, status, created_by) VALUES ('7cff7fcf-fbe1-4e3f-afe6-7cb99fa46482', 'Muscu Santé (Démo)', 'dde81231-3689-47e4-8dba-3d7e9f48da94', 'c1447a88-4d21-4580-a619-2961248245e8', DATE_ADD(CURDATE(), INTERVAL (WEEKDAY(CURDATE()) * -1) + 8 DAY), '18:00:00', '19:00:00', 10, 'published', '1da09121-4e89-438a-85f8-94dbf8a34f84');
INSERT INTO registrations (id, session_id, user_id) VALUES ('95708b0c-a623-4c1a-9f1b-7203be51610a', '7cff7fcf-fbe1-4e3f-afe6-7cb99fa46482', 'dcdf73fb-9099-42f0-a8c9-0caa9ab83a38');
INSERT INTO registrations (id, session_id, user_id) VALUES ('2b59b2e6-3fdb-41a5-a34a-e57c7131e9ab', '7cff7fcf-fbe1-4e3f-afe6-7cb99fa46482', 'dfff4815-b101-468f-b268-fc26b78caa4a');
INSERT INTO registrations (id, session_id, user_id) VALUES ('88b7ce38-1a6d-4f3b-b485-51ce57edb630', '7cff7fcf-fbe1-4e3f-afe6-7cb99fa46482', '3f82788a-bc12-45f1-8a9c-3ff28737b1be');
INSERT INTO registrations (id, session_id, user_id) VALUES ('0b3af89b-ca87-45c7-a9dd-74d10a385a8f', '7cff7fcf-fbe1-4e3f-afe6-7cb99fa46482', '90e9632a-a419-48b5-b759-fbd6dc80a520');
INSERT INTO sessions (id, title, type_id, location_id, date, start_time, end_time, capacity, status, created_by) VALUES ('9bad6ae7-3713-4c06-a377-c5878e5c4bbc', 'Muscu Santé (Jeudi)', 'dde81231-3689-47e4-8dba-3d7e9f48da94', 'c1447a88-4d21-4580-a619-2961248245e8', DATE_ADD(CURDATE(), INTERVAL (WEEKDAY(CURDATE()) * -1) + 10 DAY), '18:00:00', '19:00:00', 10, 'published', '1da09121-4e89-438a-85f8-94dbf8a34f84');
INSERT INTO registrations (id, session_id, user_id) VALUES ('24a5ba95-6edf-4aed-aac2-374151532336', '9bad6ae7-3713-4c06-a377-c5878e5c4bbc', 'dcdf73fb-9099-42f0-a8c9-0caa9ab83a38');
INSERT INTO registrations (id, session_id, user_id) VALUES ('0c6d1656-0fd4-4024-9827-9cca4247c310', '9bad6ae7-3713-4c06-a377-c5878e5c4bbc', 'c6f96e48-455b-46c7-8b78-ae39e2f4c457');
INSERT INTO registrations (id, session_id, user_id) VALUES ('2bf4b469-2b4f-4f05-9f67-beddc2037790', '9bad6ae7-3713-4c06-a377-c5878e5c4bbc', '549c58a9-8024-4856-b197-c455a0bf5b7e');
INSERT INTO registrations (id, session_id, user_id) VALUES ('5965abba-7ca9-46ff-a989-2d1b31c8f989', '9bad6ae7-3713-4c06-a377-c5878e5c4bbc', 'f78343aa-55f2-44db-9886-8b1b39ea48a4');
INSERT INTO sessions (id, title, type_id, location_id, date, start_time, end_time, capacity, status, created_by) VALUES ('c0e087fd-9d59-4f42-be50-1117a0cee59e', 'Muscu Santé (Matin 1)', 'dde81231-3689-47e4-8dba-3d7e9f48da94', 'c1447a88-4d21-4580-a619-2961248245e8', DATE_ADD(CURDATE(), INTERVAL (WEEKDAY(CURDATE()) * -1) + 12 DAY), '09:00:00', '10:00:00', 10, 'published', '1da09121-4e89-438a-85f8-94dbf8a34f84');
INSERT INTO registrations (id, session_id, user_id) VALUES ('db4fa329-5b77-44e4-af12-d40f8db56ccb', 'c0e087fd-9d59-4f42-be50-1117a0cee59e', 'dcdf73fb-9099-42f0-a8c9-0caa9ab83a38');
INSERT INTO registrations (id, session_id, user_id) VALUES ('3b895f3f-4333-4970-8720-0ed5e4e1a32d', 'c0e087fd-9d59-4f42-be50-1117a0cee59e', '480dfe28-c301-4452-b97b-cb0ee25274c1');
INSERT INTO registrations (id, session_id, user_id) VALUES ('339fb09b-f82f-43bf-8904-bdc48058060a', 'c0e087fd-9d59-4f42-be50-1117a0cee59e', 'd2d1b933-4247-453e-8ab7-3da658ab1298');
INSERT INTO registrations (id, session_id, user_id) VALUES ('ab759cea-f971-4a6d-bda7-a87e72ab07d9', 'c0e087fd-9d59-4f42-be50-1117a0cee59e', '549c58a9-8024-4856-b197-c455a0bf5b7e');
INSERT INTO registrations (id, session_id, user_id) VALUES ('43402979-652c-495c-ad3a-a410d86ce759', 'c0e087fd-9d59-4f42-be50-1117a0cee59e', 'f78343aa-55f2-44db-9886-8b1b39ea48a4');
INSERT INTO sessions (id, title, type_id, location_id, date, start_time, end_time, capacity, status, created_by) VALUES ('f63785a2-85c0-4799-ad9c-6972a99fe4cf', 'Muscu Santé (Matin 2)', 'dde81231-3689-47e4-8dba-3d7e9f48da94', 'c1447a88-4d21-4580-a619-2961248245e8', DATE_ADD(CURDATE(), INTERVAL (WEEKDAY(CURDATE()) * -1) + 12 DAY), '10:00:00', '11:00:00', 10, 'published', '1da09121-4e89-438a-85f8-94dbf8a34f84');
INSERT INTO registrations (id, session_id, user_id) VALUES ('03eeb0bb-50c8-4847-b7e5-74d4eb10478e', 'f63785a2-85c0-4799-ad9c-6972a99fe4cf', '3f82788a-bc12-45f1-8a9c-3ff28737b1be');
INSERT INTO registrations (id, session_id, user_id) VALUES ('60b4c126-5c12-4038-a166-5eeaae7880d0', 'f63785a2-85c0-4799-ad9c-6972a99fe4cf', '480dfe28-c301-4452-b97b-cb0ee25274c1');
INSERT INTO registrations (id, session_id, user_id) VALUES ('4ab84d2a-6c86-4e1e-880a-047e28e9da6f', 'f63785a2-85c0-4799-ad9c-6972a99fe4cf', 'c6f96e48-455b-46c7-8b78-ae39e2f4c457');
INSERT INTO registrations (id, session_id, user_id) VALUES ('37ba7555-41ea-431d-a103-7bd661c58104', 'f63785a2-85c0-4799-ad9c-6972a99fe4cf', 'd2d1b933-4247-453e-8ab7-3da658ab1298');
INSERT INTO registrations (id, session_id, user_id) VALUES ('167ff70b-5969-4ab0-b347-654c3ffbfcf3', 'f63785a2-85c0-4799-ad9c-6972a99fe4cf', 'e750f893-2e5a-443e-b686-8aa03479d790');
INSERT INTO registrations (id, session_id, user_id) VALUES ('c112e269-28a2-4584-a7f7-e99724d218cb', 'f63785a2-85c0-4799-ad9c-6972a99fe4cf', 'f78343aa-55f2-44db-9886-8b1b39ea48a4');
INSERT INTO sessions (id, title, type_id, location_id, date, start_time, end_time, capacity, status, created_by) VALUES ('784bab36-be36-458c-9dfa-6231d8764f9c', 'Pilates Postural (Démo)', '53062fb5-3958-4fb3-90b6-08beb8c55d10', 'c1447a88-4d21-4580-a619-2961248245e8', DATE_ADD(CURDATE(), INTERVAL (WEEKDAY(CURDATE()) * -1) + 12 DAY), '11:00:00', '12:00:00', 10, 'published', '1da09121-4e89-438a-85f8-94dbf8a34f84');
INSERT INTO registrations (id, session_id, user_id) VALUES ('177bb586-db85-4492-8d65-46c7f30d084c', '784bab36-be36-458c-9dfa-6231d8764f9c', '480dfe28-c301-4452-b97b-cb0ee25274c1');
INSERT INTO registrations (id, session_id, user_id) VALUES ('78d11b13-3281-4f04-b2b4-f6b017316ac4', '784bab36-be36-458c-9dfa-6231d8764f9c', 'c6f96e48-455b-46c7-8b78-ae39e2f4c457');
INSERT INTO registrations (id, session_id, user_id) VALUES ('ff951653-d6e7-4097-a22e-ad91bf24f74e', '784bab36-be36-458c-9dfa-6231d8764f9c', 'e750f893-2e5a-443e-b686-8aa03479d790');
INSERT INTO registrations (id, session_id, user_id) VALUES ('db2539e1-d63d-4064-befc-8a966ea4274f', '784bab36-be36-458c-9dfa-6231d8764f9c', 'f78343aa-55f2-44db-9886-8b1b39ea48a4');
INSERT INTO sessions (id, title, type_id, location_id, date, start_time, end_time, capacity, status, created_by) VALUES ('534ef303-8c26-400b-ba34-392ef5a8bcea', 'Marche Nordique (Démo)', '50fd9331-53c3-46c9-92a8-060caa6942c0', 'a8d65bba-c183-4791-bf79-044cf5e486de', DATE_ADD(CURDATE(), INTERVAL (WEEKDAY(CURDATE()) * -1) + 15 DAY), '18:30:00', '19:30:00', 10, 'published', '1da09121-4e89-438a-85f8-94dbf8a34f84');
INSERT INTO registrations (id, session_id, user_id) VALUES ('65abf61c-ad69-4d26-849e-e6b165fc45ab', '534ef303-8c26-400b-ba34-392ef5a8bcea', 'dcdf73fb-9099-42f0-a8c9-0caa9ab83a38');
INSERT INTO registrations (id, session_id, user_id) VALUES ('aa636ae8-4216-488e-bc7b-90400af821a8', '534ef303-8c26-400b-ba34-392ef5a8bcea', 'dfff4815-b101-468f-b268-fc26b78caa4a');
INSERT INTO registrations (id, session_id, user_id) VALUES ('c91af098-1c15-4c01-8953-4804274b9432', '534ef303-8c26-400b-ba34-392ef5a8bcea', '480dfe28-c301-4452-b97b-cb0ee25274c1');
INSERT INTO registrations (id, session_id, user_id) VALUES ('cdafac24-782f-45ad-b5e9-a7e152fe18f5', '534ef303-8c26-400b-ba34-392ef5a8bcea', 'd2d1b933-4247-453e-8ab7-3da658ab1298');
INSERT INTO registrations (id, session_id, user_id) VALUES ('51077f19-af87-43a5-a4e3-dffd9089ca29', '534ef303-8c26-400b-ba34-392ef5a8bcea', '549c58a9-8024-4856-b197-c455a0bf5b7e');
INSERT INTO registrations (id, session_id, user_id) VALUES ('133330da-0ecb-4eb1-98d1-b453fd4d2bff', '534ef303-8c26-400b-ba34-392ef5a8bcea', 'e750f893-2e5a-443e-b686-8aa03479d790');
INSERT INTO sessions (id, title, type_id, location_id, date, start_time, end_time, capacity, status, created_by) VALUES ('5957537e-5f68-42fc-95bb-42cf86125ca4', 'Muscu Santé (Démo)', 'dde81231-3689-47e4-8dba-3d7e9f48da94', 'c1447a88-4d21-4580-a619-2961248245e8', DATE_ADD(CURDATE(), INTERVAL (WEEKDAY(CURDATE()) * -1) + 15 DAY), '18:00:00', '19:00:00', 10, 'published', '1da09121-4e89-438a-85f8-94dbf8a34f84');
INSERT INTO registrations (id, session_id, user_id) VALUES ('5adc369e-215a-4464-80eb-cbcb0448cb8c', '5957537e-5f68-42fc-95bb-42cf86125ca4', '3f82788a-bc12-45f1-8a9c-3ff28737b1be');
INSERT INTO registrations (id, session_id, user_id) VALUES ('2454541c-ac06-43e3-8a4a-0b707033f256', '5957537e-5f68-42fc-95bb-42cf86125ca4', '90e9632a-a419-48b5-b759-fbd6dc80a520');
INSERT INTO registrations (id, session_id, user_id) VALUES ('7576cd01-4b5c-44bb-9597-f557b4964fd5', '5957537e-5f68-42fc-95bb-42cf86125ca4', 'd2d1b933-4247-453e-8ab7-3da658ab1298');
INSERT INTO registrations (id, session_id, user_id) VALUES ('ecddffde-3bc6-403a-b780-c9dddef39199', '5957537e-5f68-42fc-95bb-42cf86125ca4', '549c58a9-8024-4856-b197-c455a0bf5b7e');
INSERT INTO sessions (id, title, type_id, location_id, date, start_time, end_time, capacity, status, created_by) VALUES ('1158ae96-53ea-44f0-a8b2-03e5080697ea', 'Muscu Santé (Jeudi)', 'dde81231-3689-47e4-8dba-3d7e9f48da94', 'c1447a88-4d21-4580-a619-2961248245e8', DATE_ADD(CURDATE(), INTERVAL (WEEKDAY(CURDATE()) * -1) + 17 DAY), '18:00:00', '19:00:00', 10, 'published', '1da09121-4e89-438a-85f8-94dbf8a34f84');
INSERT INTO registrations (id, session_id, user_id) VALUES ('0af88d97-9404-4f7a-be4c-1e1f6b519af2', '1158ae96-53ea-44f0-a8b2-03e5080697ea', '480dfe28-c301-4452-b97b-cb0ee25274c1');
INSERT INTO registrations (id, session_id, user_id) VALUES ('af48275c-9710-462b-a967-580a39228691', '1158ae96-53ea-44f0-a8b2-03e5080697ea', '549c58a9-8024-4856-b197-c455a0bf5b7e');
INSERT INTO registrations (id, session_id, user_id) VALUES ('21160cc2-368e-49a6-a212-fb961c906d7e', '1158ae96-53ea-44f0-a8b2-03e5080697ea', 'e750f893-2e5a-443e-b686-8aa03479d790');
INSERT INTO registrations (id, session_id, user_id) VALUES ('d24ee000-32b8-4b13-bf87-b2a71e505302', '1158ae96-53ea-44f0-a8b2-03e5080697ea', 'f78343aa-55f2-44db-9886-8b1b39ea48a4');
INSERT INTO sessions (id, title, type_id, location_id, date, start_time, end_time, capacity, status, created_by) VALUES ('578cc503-d445-4197-bb76-0ac7e935353b', 'Muscu Santé (Matin 1)', 'dde81231-3689-47e4-8dba-3d7e9f48da94', 'c1447a88-4d21-4580-a619-2961248245e8', DATE_ADD(CURDATE(), INTERVAL (WEEKDAY(CURDATE()) * -1) + 19 DAY), '09:00:00', '10:00:00', 10, 'published', '1da09121-4e89-438a-85f8-94dbf8a34f84');
INSERT INTO registrations (id, session_id, user_id) VALUES ('a7562f20-ee13-4af2-82e2-e0ac45e63758', '578cc503-d445-4197-bb76-0ac7e935353b', 'dcdf73fb-9099-42f0-a8c9-0caa9ab83a38');
INSERT INTO registrations (id, session_id, user_id) VALUES ('c0fc6d08-7475-463e-9800-4139393210f8', '578cc503-d445-4197-bb76-0ac7e935353b', '90e9632a-a419-48b5-b759-fbd6dc80a520');
INSERT INTO registrations (id, session_id, user_id) VALUES ('46a71976-04af-4e16-b6e0-8ad54ad2baa9', '578cc503-d445-4197-bb76-0ac7e935353b', '480dfe28-c301-4452-b97b-cb0ee25274c1');
INSERT INTO registrations (id, session_id, user_id) VALUES ('307654a0-74da-44ae-8c7c-0a3ca90d1e7e', '578cc503-d445-4197-bb76-0ac7e935353b', 'c6f96e48-455b-46c7-8b78-ae39e2f4c457');
INSERT INTO sessions (id, title, type_id, location_id, date, start_time, end_time, capacity, status, created_by) VALUES ('ac32f476-6004-4a69-9b1a-d5806cc54d99', 'Muscu Santé (Matin 2)', 'dde81231-3689-47e4-8dba-3d7e9f48da94', 'c1447a88-4d21-4580-a619-2961248245e8', DATE_ADD(CURDATE(), INTERVAL (WEEKDAY(CURDATE()) * -1) + 19 DAY), '10:00:00', '11:00:00', 10, 'published', '1da09121-4e89-438a-85f8-94dbf8a34f84');
INSERT INTO registrations (id, session_id, user_id) VALUES ('eb500575-85d0-4c0d-ad82-eb581037ae7a', 'ac32f476-6004-4a69-9b1a-d5806cc54d99', 'dcdf73fb-9099-42f0-a8c9-0caa9ab83a38');
INSERT INTO registrations (id, session_id, user_id) VALUES ('95a57fd9-c29e-4c5e-8d32-f6eba97bb853', 'ac32f476-6004-4a69-9b1a-d5806cc54d99', 'dfff4815-b101-468f-b268-fc26b78caa4a');
INSERT INTO registrations (id, session_id, user_id) VALUES ('977f6cff-a77a-4d8a-ab59-1cae80987c69', 'ac32f476-6004-4a69-9b1a-d5806cc54d99', '90e9632a-a419-48b5-b759-fbd6dc80a520');
INSERT INTO registrations (id, session_id, user_id) VALUES ('48ce3bdc-5eb6-4629-888f-ca8b7d650392', 'ac32f476-6004-4a69-9b1a-d5806cc54d99', '480dfe28-c301-4452-b97b-cb0ee25274c1');
INSERT INTO registrations (id, session_id, user_id) VALUES ('4e98d70e-ca1a-4342-94e4-43725c3e64a6', 'ac32f476-6004-4a69-9b1a-d5806cc54d99', 'c6f96e48-455b-46c7-8b78-ae39e2f4c457');
INSERT INTO registrations (id, session_id, user_id) VALUES ('4b964c38-f660-499e-892e-af5bbc2c3dfa', 'ac32f476-6004-4a69-9b1a-d5806cc54d99', 'd2d1b933-4247-453e-8ab7-3da658ab1298');
INSERT INTO registrations (id, session_id, user_id) VALUES ('91ab148c-f680-4b9e-b83c-366ff58208c8', 'ac32f476-6004-4a69-9b1a-d5806cc54d99', 'f78343aa-55f2-44db-9886-8b1b39ea48a4');
INSERT INTO sessions (id, title, type_id, location_id, date, start_time, end_time, capacity, status, created_by) VALUES ('ae1193a4-825a-429c-8218-7c47ec297b4d', 'Pilates Postural (Démo)', '53062fb5-3958-4fb3-90b6-08beb8c55d10', 'c1447a88-4d21-4580-a619-2961248245e8', DATE_ADD(CURDATE(), INTERVAL (WEEKDAY(CURDATE()) * -1) + 19 DAY), '11:00:00', '12:00:00', 10, 'published', '1da09121-4e89-438a-85f8-94dbf8a34f84');
INSERT INTO registrations (id, session_id, user_id) VALUES ('d17229e1-0a92-4f36-a2d7-1a94540370b1', 'ae1193a4-825a-429c-8218-7c47ec297b4d', 'dcdf73fb-9099-42f0-a8c9-0caa9ab83a38');
INSERT INTO registrations (id, session_id, user_id) VALUES ('8bd2e246-a90d-4b14-a2e3-98478c286990', 'ae1193a4-825a-429c-8218-7c47ec297b4d', 'dfff4815-b101-468f-b268-fc26b78caa4a');
INSERT INTO registrations (id, session_id, user_id) VALUES ('bfed12bc-a4e5-4181-872e-902625e156cf', 'ae1193a4-825a-429c-8218-7c47ec297b4d', '90e9632a-a419-48b5-b759-fbd6dc80a520');
INSERT INTO registrations (id, session_id, user_id) VALUES ('ec64b30f-8379-448a-9963-98f1827c4d12', 'ae1193a4-825a-429c-8218-7c47ec297b4d', '480dfe28-c301-4452-b97b-cb0ee25274c1');
INSERT INTO registrations (id, session_id, user_id) VALUES ('3857283f-1584-4c33-b144-03ea8775fd54', 'ae1193a4-825a-429c-8218-7c47ec297b4d', 'e750f893-2e5a-443e-b686-8aa03479d790');
INSERT INTO registrations (id, session_id, user_id) VALUES ('4e39e764-f1f3-433a-a2a0-a4fa4217b879', 'ae1193a4-825a-429c-8218-7c47ec297b4d', 'f78343aa-55f2-44db-9886-8b1b39ea48a4');
INSERT INTO sessions (id, title, type_id, location_id, date, start_time, end_time, capacity, status, created_by) VALUES ('01e6b085-3926-4239-8f91-e4f63c19f638', 'Marche Nordique (Démo)', '50fd9331-53c3-46c9-92a8-060caa6942c0', 'a8d65bba-c183-4791-bf79-044cf5e486de', DATE_ADD(CURDATE(), INTERVAL (WEEKDAY(CURDATE()) * -1) + 22 DAY), '18:30:00', '19:30:00', 10, 'published', '1da09121-4e89-438a-85f8-94dbf8a34f84');
INSERT INTO registrations (id, session_id, user_id) VALUES ('c8300067-21f4-4a3f-817e-d258dc295841', '01e6b085-3926-4239-8f91-e4f63c19f638', 'dcdf73fb-9099-42f0-a8c9-0caa9ab83a38');
INSERT INTO registrations (id, session_id, user_id) VALUES ('3693f075-a338-4248-b372-9d49d7ccacf9', '01e6b085-3926-4239-8f91-e4f63c19f638', '480dfe28-c301-4452-b97b-cb0ee25274c1');
INSERT INTO registrations (id, session_id, user_id) VALUES ('fad2690c-601e-43f8-ae4d-4a4921a022e9', '01e6b085-3926-4239-8f91-e4f63c19f638', 'c6f96e48-455b-46c7-8b78-ae39e2f4c457');
INSERT INTO registrations (id, session_id, user_id) VALUES ('18d38044-ed26-44c3-a988-1be28ed1689d', '01e6b085-3926-4239-8f91-e4f63c19f638', '549c58a9-8024-4856-b197-c455a0bf5b7e');
INSERT INTO sessions (id, title, type_id, location_id, date, start_time, end_time, capacity, status, created_by) VALUES ('bba64001-2966-4dd6-a29c-09555b472f68', 'Muscu Santé (Démo)', 'dde81231-3689-47e4-8dba-3d7e9f48da94', 'c1447a88-4d21-4580-a619-2961248245e8', DATE_ADD(CURDATE(), INTERVAL (WEEKDAY(CURDATE()) * -1) + 22 DAY), '18:00:00', '19:00:00', 10, 'published', '1da09121-4e89-438a-85f8-94dbf8a34f84');
INSERT INTO registrations (id, session_id, user_id) VALUES ('93098ec4-5d3c-4d3c-9b43-9776809d0ac0', 'bba64001-2966-4dd6-a29c-09555b472f68', '480dfe28-c301-4452-b97b-cb0ee25274c1');
INSERT INTO registrations (id, session_id, user_id) VALUES ('56447f76-96b3-4f57-a4ba-cf62ae32df5d', 'bba64001-2966-4dd6-a29c-09555b472f68', 'c6f96e48-455b-46c7-8b78-ae39e2f4c457');
INSERT INTO registrations (id, session_id, user_id) VALUES ('b6d3bf19-47df-42f4-8cdd-dcd8e40755fe', 'bba64001-2966-4dd6-a29c-09555b472f68', '549c58a9-8024-4856-b197-c455a0bf5b7e');
INSERT INTO sessions (id, title, type_id, location_id, date, start_time, end_time, capacity, status, created_by) VALUES ('61ed9703-fff5-4ad5-b022-f980857ebea6', 'Muscu Santé (Jeudi)', 'dde81231-3689-47e4-8dba-3d7e9f48da94', 'c1447a88-4d21-4580-a619-2961248245e8', DATE_ADD(CURDATE(), INTERVAL (WEEKDAY(CURDATE()) * -1) + 24 DAY), '18:00:00', '19:00:00', 10, 'published', '1da09121-4e89-438a-85f8-94dbf8a34f84');
INSERT INTO registrations (id, session_id, user_id) VALUES ('a0fa8a9a-94bb-4554-8ea8-74e494c644f7', '61ed9703-fff5-4ad5-b022-f980857ebea6', '3f82788a-bc12-45f1-8a9c-3ff28737b1be');
INSERT INTO registrations (id, session_id, user_id) VALUES ('e73817a2-df08-4015-bb03-09a2f8a20c02', '61ed9703-fff5-4ad5-b022-f980857ebea6', '90e9632a-a419-48b5-b759-fbd6dc80a520');
INSERT INTO registrations (id, session_id, user_id) VALUES ('39fe23ea-39f3-4e43-8942-28faa1115a88', '61ed9703-fff5-4ad5-b022-f980857ebea6', 'c6f96e48-455b-46c7-8b78-ae39e2f4c457');
INSERT INTO registrations (id, session_id, user_id) VALUES ('cedef459-0be0-4c0e-ad71-0c7ac5418fc1', '61ed9703-fff5-4ad5-b022-f980857ebea6', 'd2d1b933-4247-453e-8ab7-3da658ab1298');
INSERT INTO registrations (id, session_id, user_id) VALUES ('f17f8120-d173-4999-a980-107439e6f5f0', '61ed9703-fff5-4ad5-b022-f980857ebea6', '549c58a9-8024-4856-b197-c455a0bf5b7e');
INSERT INTO registrations (id, session_id, user_id) VALUES ('8db84ba1-6a7e-4a9c-bc88-e1da2770dfa2', '61ed9703-fff5-4ad5-b022-f980857ebea6', 'e750f893-2e5a-443e-b686-8aa03479d790');
INSERT INTO sessions (id, title, type_id, location_id, date, start_time, end_time, capacity, status, created_by) VALUES ('de6d627c-d9df-485b-9217-c5903c63b277', 'Muscu Santé (Matin 1)', 'dde81231-3689-47e4-8dba-3d7e9f48da94', 'c1447a88-4d21-4580-a619-2961248245e8', DATE_ADD(CURDATE(), INTERVAL (WEEKDAY(CURDATE()) * -1) + 26 DAY), '09:00:00', '10:00:00', 10, 'published', '1da09121-4e89-438a-85f8-94dbf8a34f84');
INSERT INTO registrations (id, session_id, user_id) VALUES ('61344c9e-92a0-40bc-a5a3-1020453d3a4f', 'de6d627c-d9df-485b-9217-c5903c63b277', 'dcdf73fb-9099-42f0-a8c9-0caa9ab83a38');
INSERT INTO registrations (id, session_id, user_id) VALUES ('5c29eaa6-5211-45de-8d6b-2f7c16d499ad', 'de6d627c-d9df-485b-9217-c5903c63b277', '3f82788a-bc12-45f1-8a9c-3ff28737b1be');
INSERT INTO registrations (id, session_id, user_id) VALUES ('f50ffc6d-271d-440c-a31d-d77255061792', 'de6d627c-d9df-485b-9217-c5903c63b277', '90e9632a-a419-48b5-b759-fbd6dc80a520');
INSERT INTO registrations (id, session_id, user_id) VALUES ('01fcee6d-75fd-44a0-ab5a-b43ac3dacfaf', 'de6d627c-d9df-485b-9217-c5903c63b277', '549c58a9-8024-4856-b197-c455a0bf5b7e');
INSERT INTO registrations (id, session_id, user_id) VALUES ('baba233d-75e1-4b58-af9f-c7a142b7ea27', 'de6d627c-d9df-485b-9217-c5903c63b277', 'e750f893-2e5a-443e-b686-8aa03479d790');
INSERT INTO sessions (id, title, type_id, location_id, date, start_time, end_time, capacity, status, created_by) VALUES ('78810ef8-7033-460f-909b-2b01d5ec68ae', 'Muscu Santé (Matin 2)', 'dde81231-3689-47e4-8dba-3d7e9f48da94', 'c1447a88-4d21-4580-a619-2961248245e8', DATE_ADD(CURDATE(), INTERVAL (WEEKDAY(CURDATE()) * -1) + 26 DAY), '10:00:00', '11:00:00', 10, 'published', '1da09121-4e89-438a-85f8-94dbf8a34f84');
INSERT INTO registrations (id, session_id, user_id) VALUES ('c0162770-784a-4c04-82c9-58823ee0e540', '78810ef8-7033-460f-909b-2b01d5ec68ae', '3f82788a-bc12-45f1-8a9c-3ff28737b1be');
INSERT INTO registrations (id, session_id, user_id) VALUES ('62daf162-7f9b-41f5-807f-47c10549436b', '78810ef8-7033-460f-909b-2b01d5ec68ae', '90e9632a-a419-48b5-b759-fbd6dc80a520');
INSERT INTO registrations (id, session_id, user_id) VALUES ('b0e1506a-1d37-4eec-ade5-bc950ce0fb00', '78810ef8-7033-460f-909b-2b01d5ec68ae', '480dfe28-c301-4452-b97b-cb0ee25274c1');
INSERT INTO registrations (id, session_id, user_id) VALUES ('a50a8be8-1580-485a-9a8a-39845a4392b0', '78810ef8-7033-460f-909b-2b01d5ec68ae', 'c6f96e48-455b-46c7-8b78-ae39e2f4c457');
INSERT INTO registrations (id, session_id, user_id) VALUES ('68789788-4ffc-45c9-ac88-7689fce39e5c', '78810ef8-7033-460f-909b-2b01d5ec68ae', 'd2d1b933-4247-453e-8ab7-3da658ab1298');
INSERT INTO registrations (id, session_id, user_id) VALUES ('7d6f448c-c4d0-4a88-8067-4264b33a405c', '78810ef8-7033-460f-909b-2b01d5ec68ae', '549c58a9-8024-4856-b197-c455a0bf5b7e');
INSERT INTO registrations (id, session_id, user_id) VALUES ('b657c1bc-0e56-49ad-be6b-c6f6fbb20cb9', '78810ef8-7033-460f-909b-2b01d5ec68ae', 'e750f893-2e5a-443e-b686-8aa03479d790');
INSERT INTO registrations (id, session_id, user_id) VALUES ('c67965bc-926f-4436-8602-65623b1be36e', '78810ef8-7033-460f-909b-2b01d5ec68ae', 'f78343aa-55f2-44db-9886-8b1b39ea48a4');
INSERT INTO sessions (id, title, type_id, location_id, date, start_time, end_time, capacity, status, created_by) VALUES ('29d00028-9e02-494a-93f6-f4868eb44ae3', 'Pilates Postural (Démo)', '53062fb5-3958-4fb3-90b6-08beb8c55d10', 'c1447a88-4d21-4580-a619-2961248245e8', DATE_ADD(CURDATE(), INTERVAL (WEEKDAY(CURDATE()) * -1) + 26 DAY), '11:00:00', '12:00:00', 10, 'published', '1da09121-4e89-438a-85f8-94dbf8a34f84');
INSERT INTO registrations (id, session_id, user_id) VALUES ('b42d40fc-d40b-4205-a6ce-8f12ddd91536', '29d00028-9e02-494a-93f6-f4868eb44ae3', 'dfff4815-b101-468f-b268-fc26b78caa4a');
INSERT INTO registrations (id, session_id, user_id) VALUES ('cbec77e6-98a2-4b7a-85e1-29e5cc3503f6', '29d00028-9e02-494a-93f6-f4868eb44ae3', '3f82788a-bc12-45f1-8a9c-3ff28737b1be');
INSERT INTO registrations (id, session_id, user_id) VALUES ('1cf53877-f6da-40c8-8cde-bac6321993c4', '29d00028-9e02-494a-93f6-f4868eb44ae3', '90e9632a-a419-48b5-b759-fbd6dc80a520');
INSERT INTO registrations (id, session_id, user_id) VALUES ('ba0f4b42-6272-45f7-aa1c-a6b2a96c0b90', '29d00028-9e02-494a-93f6-f4868eb44ae3', '480dfe28-c301-4452-b97b-cb0ee25274c1');
INSERT INTO registrations (id, session_id, user_id) VALUES ('75625439-2089-4b90-a331-d8c3e6191f92', '29d00028-9e02-494a-93f6-f4868eb44ae3', 'd2d1b933-4247-453e-8ab7-3da658ab1298');
INSERT INTO registrations (id, session_id, user_id) VALUES ('ce012bae-6381-40a3-bb57-8d2be6c76626', '29d00028-9e02-494a-93f6-f4868eb44ae3', 'f78343aa-55f2-44db-9886-8b1b39ea48a4');

SET FOREIGN_KEY_CHECKS = 1;
